{"cameraMode":{"drawMode":0,"name":"Shaded","section":"Shading Mode"},"sceneLighting":true,"audioPlay":false,"sceneViewState":{"showFog":true,"showMaterialUpdate":false,"showSkybox":true,"showFlares":true,"showImageEffects":true,"showParticleSystems":true},"in2DMode":false,"pivot":{"x":-17.53217887878418,"y":0.019403496757149698,"z":0.41640788316726687},"rotation":{"x":0.0404178760945797,"y":-0.9516018629074097,"z":0.26837021112442019,"w":0.14509271085262299},"size":4.373969078063965,"orthographic":false}