{"cameraMode":{"drawMode":0,"name":"Shaded","section":"Shading Mode"},"sceneLighting":true,"audioPlay":false,"sceneViewState":{"showFog":true,"showMaterialUpdate":false,"showSkybox":true,"showFlares":true,"showImageEffects":true,"showParticleSystems":true},"in2DMode":false,"pivot":{"x":-19.756778717041017,"y":2.587735176086426,"z":-19.37390899658203},"rotation":{"x":-0.02050676755607128,"y":0.9767754077911377,"z":-0.18262605369091035,"w":-0.11096328496932984},"size":30.19797134399414,"orthographic":false}