{"cameraMode":{"drawMode":0,"name":"Shaded","section":"Shading Mode"},"sceneLighting":true,"audioPlay":false,"sceneViewState":{"showFog":true,"showMaterialUpdate":false,"showSkybox":true,"showFlares":true,"showImageEffects":true,"showParticleSystems":true},"in2DMode":false,"pivot":{"x":0.030000269412994386,"y":0.7397587299346924,"z":-0.013262450695037842},"rotation":{"x":0.0499584898352623,"y":0.9360866546630859,"z":-0.316183865070343,"w":0.14653609693050385},"size":4.7793989181518559,"orthographic":false}