{"cameraMode":{"drawMode":0,"name":"Shaded","section":"Shading Mode"},"sceneLighting":true,"audioPlay":false,"sceneViewState":{"showFog":true,"showMaterialUpdate":false,"showSkybox":true,"showFlares":true,"showImageEffects":true,"showParticleSystems":true},"in2DMode":false,"pivot":{"x":88.00407409667969,"y":50.290035247802737,"z":10.654426574707032},"rotation":{"x":-0.11862246692180634,"y":0.8043888807296753,"z":-0.17180602252483369,"w":-0.5563656687736511},"size":3.25368332862854,"orthographic":false}